"url","durum"
"varietyhunx.cfd","oltalama"
"site.varietyhunx.cfd","oltalama"
"dlnetfusionz.top","oltalama"
"dllinkblendz.top","oltalama"
"staffveftsretce011.com","oltalama"
"asistance-verfyttinggi.net","oltalama"
"sahzadeads.cfd","oltalama"
"granada-luxury-belek.net","oltalama"
"www-aylik-katalog-tr.xyz","oltalama"
"cirocheck.biz","oltalama"
"a101-pazarsvorxs.com","oltalama"
"1o1-alisveris-adresi1.online","oltalama"
"candanalhasan4.com.tr","oltalama"
"hasarkilometrem.shop","oltalama"
"nvissen.com","oltalama"
"tramer.arabaminiyisi.com","oltalama"
"trmncancll.pro","oltalama"
"mrkzislmnktsfvc.com","oltalama"
"haftanin-basinda-mutluluklar-sizinle.com","oltalama"
"webhukuksis.com","oltalama"
"online-garanti-zw2cqzpnkucbmqfzuuh5fkj7nnwvbz7hgdhkqnea.mpg.ge","oltalama"
"ninewestshoesdeals.com","oltalama"
"sudebilisim.com","oltalama"
"cxlegion.online","oltalama"
"encontrar-appgps.us","oltalama"
"intrktfport.com","oltalama"
"katilimfirsatvakti.com","oltalama"
"ilan-paramguvende-sahibindenn.com.tr","oltalama"
"paramguvende-sahibiniden-ilan.com","oltalama"
"e-giriskartaidat.site","oltalama"
"aktuelkampanyasubat.online","oltalama"
"denizdefirsatbitermi.online","oltalama"
"aktuelkampanyaguncel.online","oltalama"
"hizlitakipsisxem.net","oltalama"
"baba-asliiiiii-118.buzz","oltalama"
"online-101kapindamarket.shop","oltalama"
"tramerxd.com","oltalama"
"a1-0-1.marketleri-tr.online","oltalama"
"youtielams.buzz","oltalama"
"23423145242421321.com","oltalama"
"yeniy67.top","oltalama"
"iupp.hopto.org","oltalama"
"info-secure13b.hopto.org","oltalama"
"usersecurverif2k.hopto.org","oltalama"
"sysmailsidjpnco.hopto.org","oltalama"
"host56jl5300.hopto.org","oltalama"
"secure08venmo.hopto.org","oltalama"
"flexyval04.hopto.org","oltalama"
"christcommunionmin.hopto.org","oltalama"
"amzonmc.hopto.org","oltalama"
"secur01authinfo.hopto.org","oltalama"
"robloxakkaynt.hopto.org","oltalama"
"polisiindo.hopto.org","oltalama"
"secure03-mtonline.hopto.org","oltalama"
"dadaaaadwerwrw.hopto.org","oltalama"
"csecureinfo01verifm.hopto.org","oltalama"
"wellsfergo08domain.hopto.org","oltalama"
"asalkamu.hopto.org","oltalama"
"csecure-05infoverip.hopto.org","oltalama"
"myredirectch.hopto.org","oltalama"
"verify0xxx.hopto.org","oltalama"
"hyperr.hopto.org","oltalama"
"online05securexxx.hopto.org","oltalama"
"secur01auth1nfo.hopto.org","oltalama"
"citiftp5online01.hopto.org","oltalama"
"chaasee.hopto.org","oltalama"
"americafcuconfirm.hopto.org","oltalama"
"trojank.hopto.org","oltalama"
"pagamentoaruba-it.hopto.org","oltalama"
"becu-04.hopto.org","oltalama"
"mtbsupporrtonliine.hopto.org","oltalama"
"flexyval02.hopto.org","oltalama"
"coinbase-reportsca.hopto.org","oltalama"
"weltxyt5925600.hopto.org","oltalama"
"authwebcitiinfohelp.hopto.org","oltalama"
"fixaccountusercitv0.hopto.org","oltalama"
"projektdateien.hopto.org","oltalama"
"loglnsoutlooks.hopto.org","oltalama"
"georgerandome253.hopto.org","oltalama"
"netflixloginverify.hopto.org","oltalama"
"rylandshoulderiucom.hopto.org","oltalama"
"alea.hopto.org","oltalama"
"rubyredrpdmarthab.hopto.org","oltalama"
"chasiinow.hopto.org","oltalama"
"securechaseb01.hopto.org","oltalama"
"xx8chesid7.hopto.org","oltalama"
"amz-security.hopto.org","oltalama"
"usersecurverif29.hopto.org","oltalama"
"info-secure52b.hopto.org","oltalama"
"wfsecurelogin3.hopto.org","oltalama"
"xzy88202656.hopto.org","oltalama"
"securealertonbound.hopto.org","oltalama"
"viewftpcitiauthzone.hopto.org","oltalama"
"testscamholic.hopto.org","oltalama"
"secure2servi3c1t1.hopto.org","oltalama"
"userlogins.hopto.org","oltalama"
"onlineverify.hopto.org","oltalama"
"homepageonlineacc.hopto.org","oltalama"
"directcontacts21.hopto.org","oltalama"
"directcontacts.hopto.org","oltalama"
"contact021.hopto.org","oltalama"
"afucprof.hopto.org","oltalama"
"afspecs.hopto.org","oltalama"
"afrectify.hopto.org","oltalama"
"afprotects4.hopto.org","oltalama"
"afprotects.hopto.org","oltalama"
"afdirecs1.hopto.org","oltalama"
"afcreal1.hopto.org","oltalama"
"afcprobs.hopto.org","oltalama"
"acurectifies.hopto.org","oltalama"
"acreditu.hopto.org","oltalama"
"dwebmanageaccpypl.hopto.org","oltalama"
"americafirstui.hopto.org","oltalama"
"meta-support.hopto.org","oltalama"
"userverifyaccount22.hopto.org","oltalama"
"meta-users.hopto.org","oltalama"
"meta-centrum.hopto.org","oltalama"
"wells-userssecure6.hopto.org","oltalama"
"verifsierruser01.hopto.org","oltalama"
"helpuser001bos.hopto.org","oltalama"
"glacierveri000user.hopto.org","oltalama"
"confirmaboncionbram.hopto.org","oltalama"
"citizenscheckup.hopto.org","oltalama"
"sheluha.hopto.org","oltalama"
"citizensbnkverify.hopto.org","oltalama"
"976.hopto.org","oltalama"
"navy1federal.hopto.org","oltalama"
"confirmboncionalas.hopto.org","oltalama"
"outlookportal.hopto.org","oltalama"
"brawlstars228.hopto.org","oltalama"
"usps-verify0005.hopto.org","oltalama"
"mpservicos.hopto.org","oltalama"
"cynax22.hopto.org","oltalama"
"myamericanffcu.hopto.org","oltalama"
"sca-controle.hopto.org","oltalama"
"usps07-com.hopto.org","oltalama"
"wells-fargosecur.hopto.org","oltalama"
"national0t4c1t1card.hopto.org","oltalama"
"s3cure23c1t1s3rv3r.hopto.org","oltalama"
"uspsusers-track.hopto.org","oltalama"
"uspsuseridtrack.hopto.org","oltalama"
"usps7-track.hopto.org","oltalama"
"usps0shipping.hopto.org","oltalama"
"usps05delivery.hopto.org","oltalama"
"usps-userstrack.hopto.org","oltalama"
"usps-track09.hopto.org","oltalama"
"usps-ordertrack.hopto.org","oltalama"
"shippingupdate1.hopto.org","oltalama"
"shipping-05usps.hopto.org","oltalama"
"package07update.hopto.org","oltalama"
"changeusps07.hopto.org","oltalama"
"micrsft365-docu.hopto.org","oltalama"
"webfgh.hopto.org","oltalama"
"mttsecure.hopto.org","oltalama"
"securepro2c1t1serv2.hopto.org","oltalama"
"antiquearts.hopto.org","oltalama"
"datassavedfiles.hopto.org","oltalama"
"securenetflixlogin.hopto.org","oltalama"
"fr4ud-dept.hopto.org","oltalama"
"mijncard-analysatie.hopto.org","oltalama"
"bigpdbkhnayab.hopto.org","oltalama"
"citi05a-users.hopto.org","oltalama"
"mymetasupport.hopto.org","oltalama"
"cb-0a02vfyprocerto.hopto.org","oltalama"
"metaverse-centrum.hopto.org","oltalama"
"mijamajor.hopto.org","oltalama"
"verifysupport.hopto.org","oltalama"
"bambam.hopto.org","oltalama"
"sbilop.hopto.org","oltalama"
"3ctol.hopto.org","oltalama"
"greatman.hopto.org","oltalama"
"verifmtuser01.hopto.org","oltalama"
"blokkade-opheffen.hopto.org","oltalama"
"aredrr.hopto.org","oltalama"
"koyteriskl.hopto.org","oltalama"
"onlinebankingmtb.hopto.org","oltalama"
"verifuserbnk.hopto.org","oltalama"
"webmailboxers.hopto.org","oltalama"
"myonlychaaccveri.hopto.org","oltalama"
"vagin.hopto.org","oltalama"
"30accessonline.hopto.org","oltalama"
"monespace-lcl.hopto.org","oltalama"
"accountvatizens.hopto.org","oltalama"
"verifmtbuser03.hopto.org","oltalama"
"verifyglac1er007.hopto.org","oltalama"
"curvycitipaige.hopto.org","oltalama"
"joingrupviralxz.hopto.org","oltalama"
"suporteacess.hopto.org","oltalama"
"wells-authuser4.hopto.org","oltalama"
"verifymyglac1er08.hopto.org","oltalama"
"irsinformationcase.hopto.org","oltalama"
"uspsuser-track.hopto.org","oltalama"
"trustwallet.hopto.org","oltalama"
"wells-userauth5.hopto.org","oltalama"
"coinbase-versotp.hopto.org","oltalama"
"veriamer1canfirst01.hopto.org","oltalama"
"prepaidsecured.hopto.org","oltalama"
"verifamer1canfcu00.hopto.org","oltalama"
"sseccure.hopto.org","oltalama"
"helpmtbuser.hopto.org","oltalama"
"wellsfarg0-users.hopto.org","oltalama"
"hayolah.hopto.org","oltalama"
"manages-account2.hopto.org","oltalama"
"53rd04safelogin.hopto.org","oltalama"
"helfusermtbnk.hopto.org","oltalama"
"mtbankverify1hd.hopto.org","oltalama"
"verifyglac1erbank.hopto.org","oltalama"
"acc7verify0.hopto.org","oltalama"
"securedprepvisa.hopto.org","oltalama"
"chs1bkfa.hopto.org","oltalama"
"citi-userauth.hopto.org","oltalama"
"helpuserverifymndt0.hopto.org","oltalama"
"v6nwsvmkahaeiaqd6a.hopto.org","oltalama"
"securedcardz.hopto.org","oltalama"
"helpuserverifymndt7.hopto.org","oltalama"
"koktelxkoktel.hopto.org","oltalama"
"af00cubk.hopto.org","oltalama"
"af0cubnk01.hopto.org","oltalama"
"tentobh.hopto.org","oltalama"
"helpuserverimntbnk8.hopto.org","oltalama"
"helpuserverimntbnk.hopto.org","oltalama"
"huntington.hopto.org","oltalama"
"sec07authchas01.hopto.org","oltalama"
"hfuwhf.hopto.org","oltalama"
"gncu.hopto.org","oltalama"
"aaaxxx60.hopto.org","oltalama"
"ver1fymntbnkuser00.hopto.org","oltalama"
"wells-authuser009.hopto.org","oltalama"
"serverapple.hopto.org","oltalama"
"ponttrsac.hopto.org","oltalama"
"citi-authuser04.hopto.org","oltalama"
"togetverifmtbuser.hopto.org","oltalama"
"verifymtuser00ttpp.hopto.org","oltalama"
"helpmt00verify.hopto.org","oltalama"
"yuri0verification.hopto.org","oltalama"
"scacontroleveld.hopto.org","oltalama"
"helpuserverimntbnk9.hopto.org","oltalama"
"supportmntbnkuser01.hopto.org","oltalama"
"citi-userauth04.hopto.org","oltalama"
"secure2servert7u15t.hopto.org","oltalama"
"verifyglac1eruser30.hopto.org","oltalama"
"svkwb.hopto.org","oltalama"
"switch008.hopto.org","oltalama"
"verifyglacierbamk.hopto.org","oltalama"
"simplyme.hopto.org","oltalama"
"secure007-acctt.hopto.org","oltalama"
"olatunbosun.hopto.org","oltalama"
"verifyglac1erbnk30.hopto.org","oltalama"
"verifyglac1erbnk09.hopto.org","oltalama"
"group-chika20jt.hopto.org","oltalama"
"ch3e.hopto.org","oltalama"
"greaternevadanews1.hopto.org","oltalama"
"standardchart.hopto.org","oltalama"
"autt02-citzehnss.hopto.org","oltalama"
"secure02b0chase02.hopto.org","oltalama"
"rooling.hopto.org","oltalama"
"verivicationmtb00ru.hopto.org","oltalama"
"myblktb210p.hopto.org","oltalama"
"weggf.hopto.org","oltalama"
"wowap.hopto.org","oltalama"
"customersecure.hopto.org","oltalama"
"helpuserverimntbnk1.hopto.org","oltalama"
"verifmtbank004ru.hopto.org","oltalama"
"glacibank.hopto.org","oltalama"
"verifmtbank00ru.hopto.org","oltalama"
"uplinksauthh.hopto.org","oltalama"
"lapoire5.hopto.org","oltalama"
"tropicoirlanka.hopto.org","oltalama"
"jpmchsaccverif.hopto.org","oltalama"
"helpuservermtbnk8w.hopto.org","oltalama"
"bryangeorgia.hopto.org","oltalama"
"verifyusermntbank09.hopto.org","oltalama"
"helpmtbank.hopto.org","oltalama"
"kingsdoggy12.hopto.org","oltalama"
"reviewalerts.hopto.org","oltalama"
"jazim.hopto.org","oltalama"
"wellsfargobank.hopto.org","oltalama"
"helpuserverimntbnk3.hopto.org","oltalama"
"a1as03ka3.hopto.org","oltalama"
"1235125125125.hopto.org","oltalama"
"verifymymntbnk0.hopto.org","oltalama"
"mynetflix.hopto.org","oltalama"
"mynetflixupdates.hopto.org","oltalama"
"myiccusec.hopto.org","oltalama"
"grupwaokep2022.hopto.org","oltalama"
"supportmt27verfy.hopto.org","oltalama"
"supportmt29verfy.hopto.org","oltalama"
"securedcardhelper.hopto.org","oltalama"
"verifymymntbnk07.hopto.org","oltalama"
"apsrvcehsbcsoprtt.hopto.org","oltalama"
"clineitverifigcte.hopto.org","oltalama"
"pplsecureincssls.hopto.org","oltalama"
"secureafcu.hopto.org","oltalama"
"auth.hopto.org","oltalama"
"newresultinc.hopto.org","oltalama"
"securededdhelp.hopto.org","oltalama"
"ickdw.hopto.org","oltalama"
"myeafcuacess.hopto.org","oltalama"
"userglacreset.hopto.org","oltalama"
"ziadziiizo.hopto.org","oltalama"
"1connect-idccunn.hopto.org","oltalama"
"dynacane56.hopto.org","oltalama"
"logshostinc55.hopto.org","oltalama"
"helmtb558verfy.hopto.org","oltalama"
"goodmanp.hopto.org","oltalama"
"popupresultinc.hopto.org","oltalama"
"scurservc.hopto.org","oltalama"
"falcotrjaga.hopto.org","oltalama"
"testytesy.hopto.org","oltalama"
"154755.hopto.org","oltalama"
"secure02account.hopto.org","oltalama"
"gi4co88e.hopto.org","oltalama"
"wizz.hopto.org","oltalama"
"realizesolucoes.hopto.org","oltalama"
"acessoaminhafaturarenner.hopto.org","oltalama"
"myhostdanamepa.hopto.org","oltalama"
"gewagg.hopto.org","oltalama"
"actualiza360.hopto.org","oltalama"
"serviciostuya.hopto.org","oltalama"
"section4helpdesk.hopto.org","oltalama"
"servr.hopto.org","oltalama"
"w3llsfrg0.hopto.org","oltalama"
"mtbonlinesupport.hopto.org","oltalama"
"1connect-afccuun.hopto.org","oltalama"
"vasticbless.hopto.org","oltalama"
"customeronline.hopto.org","oltalama"
"secureiccu.hopto.org","oltalama"
"online2.hopto.org","oltalama"
"nextgen12.hopto.org","oltalama"
"1afcufamilynewshelp.hopto.org","oltalama"
"actualizando360.hopto.org","oltalama"
"wex1faggo.hopto.org","oltalama"
"vpnozo.hopto.org","oltalama"
"hostdashboard53.hopto.org","oltalama"
"sblkx.hopto.org","oltalama"
"sblcxv.hopto.org","oltalama"
"rcercu.hopto.org","oltalama"
"rechecksecurity52.hopto.org","oltalama"
"helpmtbsecured81.hopto.org","oltalama"
"xhzxuv.hopto.org","oltalama"
"bendover.hopto.org","oltalama"
"wiri84.hopto.org","oltalama"
"turkekonomibtr.com","oltalama"
"ttakipislemlerinizim.shop","oltalama"
"internetsubeyapikredi.ph","oltalama"
"haftanin-yildizlari.online","oltalama"
"ismaxiduyurugiristr.com","oltalama"
"bnaozelbuhaftaindrmler.site","oltalama"
"getbildirimlerim.xyz","oltalama"
"onaybildirimlerim.xyz","oltalama"
"s-bilgilendirme.xyz","oltalama"
"baba-asliiiiii-123.buzz","oltalama"
"tr-pttgov.cc","oltalama"
"homstlrestes.com","oltalama"
"dnstrtipdnz.site","oltalama"
"293293923544213.cloud","oltalama"
"20240000000000000007.cloud","oltalama"
"197-7-8-1-172.shop","oltalama"
"sahibinden.siparisimaktif.com.tr","oltalama"
"sahibinden.hizli-islemler.com.tr","oltalama"
"sahibinden-hizli-ticaret.com.tr","oltalama"
"a101.aldin-aldin-firsatlar.cfd","oltalama"
"ekargotakip.net","oltalama"
"uygun-kampanya-fiyatlar-get.online","oltalama"
"s-ilanlarim.com.tr","oltalama"
"xn--valibabaolmakzorlast-1bd.com","oltalama"
"valibabaolmakzorlastike.com","oltalama"
"onlinegirisprbm.com","oltalama"
"scvrepro.com","oltalama"
"girisonlineparbmaktif.com","oltalama"
"servermeonlihayatburda.site","oltalama"
"baranvalibaba.xyz","oltalama"
"zerobababzerklamciksana.tech","oltalama"
"lzxkmrrkaxnkasxzclnlecnm.blogspot.com","oltalama"
"hmenbsvuruyapsyardmodme.online","oltalama"
"1470852694.xyz","oltalama"
"mk2portal.com","oltalama"
"kapindaa-hemen-al-tr.online","oltalama"
"markette-firsatlar-var-tr.online","oltalama"
"facebasvuru.online","oltalama"
"onlineturkiye.xyz","oltalama"
"bildirimtalep.com","oltalama"
"istektalep.com","oltalama"
"uvtmisllleemenugirsllleri.com","oltalama"
"indrmfrstlar.info.tr","oltalama"
"yeniy68.top","oltalama"
"hoasdefor.buzz","oltalama"
"aidetideadenialhmn.com","oltalama"
"bilgitalep.com","oltalama"
"garantihdye.ignorelist.com","oltalama"
"gidasonfirsatlari.com","oltalama"
"com-aldinaldin.info","oltalama"
"superkmpanya.xyz","oltalama"
"ppptgov.fun","oltalama"
"zerobababzerklamciksana.site","oltalama"
"veripetra.com","oltalama"
"meplkesserverisonline.site","oltalama"
"heinekendarkmarketonline.com","oltalama"
"101pazarfirsatlarikapinizda.online","oltalama"
"subat-firsatlarin-burada101.shop","oltalama"
"pttkargo.sa.com","oltalama"
"pazarfirsatlarikapinizdaa.online","oltalama"
"3433434343.cloud","oltalama"
"marketi-sepette-indirimleri-tr.online","oltalama"
"101kapinda.online","oltalama"
"veriportrt.com","oltalama"
"18subatdeniz.online","oltalama"
"acikdeniz.18subatdeniz.online","oltalama"
"pttkayitlari.net","oltalama"
"kmmethsrx.net","oltalama"
"yepyeni-firsat-sizlerden-gelen-talepler.com","oltalama"
"pazarfirsatlarikapinizda.online","oltalama"
"verporttt.com","oltalama"
"firsat-kredidenizburada.com","oltalama"
"firsat-kredidenizburada.com.tr","oltalama"
"bamtaklslcarsds.com","oltalama"
"aidat-iade.site","oltalama"
"ptthemen.com","oltalama"
"pttbak.com","oltalama"
"kampnynzpayfxde.com","oltalama"
"ilzmkrlmdbkemsln.blogspot.com","oltalama"
"asgalabas.buzz","oltalama"
"televizyon.link","oltalama"
"siqortauzmanim.xyz","oltalama"
"kargodurumumusorgula.com","oltalama"
"vakifkatilmonline.com","oltalama"
"trmrshgcmrtssm.net","oltalama"
"aktifprbbasvurusu.com","oltalama"
"takisshopddce4.xyz","oltalama"
"firsat-kacmaz.name.tr","oltalama"
"markettesuperindirimleraa101.online","oltalama"
"webmail.kampanyakatilimduyuru.com","oltalama"
"www-ceptekapida-marketin.xyz","oltalama"
"turkcellsanalmarket.com","oltalama"
"firsatlar-kapinda-markette.online","oltalama"
"kozalakdestek.org","oltalama"
"markettesuperindirimlera101.online","oltalama"
"hsrbrcsrgsa.com","oltalama"
"meplkesserverisonline.tech","oltalama"
"subat28songun.pt","oltalama"
"e-secureodeme.com.tr","oltalama"
"marketalisverisikapinizagelsin.online","oltalama"
"garantbbvasubesiniz.com","oltalama"
"onlineparibmgiris.com","oltalama"
"eportaliz.com","oltalama"
"nvsin.com","oltalama"
"geriodeme2024.site","oltalama"
"staff-veftsretce011.cloud","oltalama"
"staff-veftsretce011.org","oltalama"
"likitozelmgiris.cloud","oltalama"
"aktifbnceonlinegiris.com","oltalama"
"a1o1-kampanya.site","oltalama"
"firsatlardunyasikapindaa101.online","oltalama"
"tcbmtrhazineidgov3064.com","oltalama"
"basvur-acildenizv2denizkredi.com.tr","oltalama"
"online-siparis-tr.com","oltalama"
"qtttakipsorgu.online","oltalama"
"indirim-bugune-ozel-sepette.online","oltalama"
"garga.elifrxckstar.pro","oltalama"
"tr-ppt-tr.top","oltalama"
"a101online.xyz","oltalama"
"garantisavingbk.com","oltalama"
"onlinetrdlvttlogin.com","oltalama"
"resolvesissues.ddns.net","oltalama"
"hackyouse.ddns.net","oltalama"
"luminousdentaltampinesplaza.ddns.net","oltalama"
"rabiwra7mto.ddns.net","oltalama"
"nktrojan.ddns.net","oltalama"
"alsafah922.ddns.net","oltalama"
"authytruismobile.ddns.net","oltalama"
"alfasig.ddns.net","oltalama"
"hellblood.ddns.net","oltalama"
"parsonsmobileauth.ddns.net","oltalama"
"anonx7z3.ddns.net","oltalama"
"chifo64.ddns.net","oltalama"
"aud3pty.ddns.net","oltalama"
"bofa-unite.ddns.net","oltalama"
"yvq8wxk6wxmnyhk.ddns.net","oltalama"
"hexagonweb.ddns.net","oltalama"
"lostofmind.ddns.net","oltalama"
"chrometabrelay.ddns.net","oltalama"
"ikram55555.ddns.net","oltalama"
"guestrat.ddns.net","oltalama"
"adobeauth.ddns.net","oltalama"
"phhcknj.ddns.net","oltalama"
"warzonecrck1.ddns.net","oltalama"
"snaik.ddns.net","oltalama"
"bbogota-virtuall.ddns.net","oltalama"
"ca-eddsecure.ddns.net","oltalama"
"nikflix.ddns.net","oltalama"
"zengoxd.ddns.net","oltalama"
"windows64.ddns.net","oltalama"
"elite10mars.ddns.net","oltalama"
"compnetworkservices.ddns.net","oltalama"
"bexq.ddns.net","oltalama"
"svv-macbookpro.ddns.net","oltalama"
"funnyasahi.ddns.net","oltalama"
"newmanager03.ddns.net","oltalama"
"service440.ddns.net","oltalama"
"crashreport.ddns.net","oltalama"
"megapon.ddns.net","oltalama"
"ferramole.ddns.net","oltalama"
"sprayz1xx.ddns.net","oltalama"
"abominable.ddns.net","oltalama"
"zikos19992023.ddns.net","oltalama"
"saionyhack150.ddns.net","oltalama"
"5bwdyfcx5pydk274e.ddns.net","oltalama"
"qaher654321.ddns.net","oltalama"
"afandy.ddns.net","oltalama"
"trolltest.ddns.net","oltalama"
"sdfwdewdwe.ddns.net","oltalama"
"hema125.ddns.net","oltalama"
"flashplayer2018.ddns.net","oltalama"
"ondestamibeck.ddns.net","oltalama"
"elrayesbada.ddns.net","oltalama"
"myhost007.ddns.net","oltalama"
"myhostdirty1.ddns.net","oltalama"
"postoanyi.ddns.net","oltalama"
"rr443t3grg3gh54.ddns.net","oltalama"
"cometlink.ddns.net","oltalama"
"cometasell.ddns.net","oltalama"
"gogogogogo.ddns.net","oltalama"
"zicozik.ddns.net","oltalama"
"testedofelas.ddns.net","oltalama"
"lavidaesbellanoip.ddns.net","oltalama"
"interacdirect.ddns.net","oltalama"
"boasec2.ddns.net","oltalama"
"azov.ddns.net","oltalama"
"oiehkmu.ddns.net","oltalama"
"resolvedaccount.ddns.net","oltalama"
"gdjtdjfj.ddns.net","oltalama"
"fargo23-support.ddns.net","oltalama"
"sbxfx.ddns.net","oltalama"
"acessousuario.ddns.net","oltalama"
"itensfree.ddns.net","oltalama"
"twnoc.ddns.net","oltalama"
"applewebunsafe.ddns.net","oltalama"
"zahlung-erhalten.ddns.net","oltalama"
"update-verificando.ddns.net","oltalama"
"78e852chg05h783l1p1.ddns.net","oltalama"
"76w4ofudsjwb3v7jony43tu.ddns.net","oltalama"
"kfurk47056s4g6uv5pcxe43.ddns.net","oltalama"
"c4y6a6kjwhc0qf1.ddns.net","oltalama"
"o8q83hopyjmdgpaxsxs.ddns.net","oltalama"
"3nwdi4i0it5216s.ddns.net","oltalama"
"ep1fqbcfgbg45jo.ddns.net","oltalama"
"elo2y8sj3hevkruj5ne.ddns.net","oltalama"
"adobefile787.ddns.net","oltalama"
"obm85t783hkrghglk0m.ddns.net","oltalama"
"ergxopc0wvi65ty.ddns.net","oltalama"
"c8i0y0u2m45hc0c8yhe2m2m.ddns.net","oltalama"
"boavalidation-0328.ddns.net","oltalama"
"citifraudteambank.ddns.net","oltalama"
"iyl-capital02gset.ddns.net","oltalama"
"secure-08bc.ddns.net","oltalama"
"tr4neword.ddns.net","oltalama"
"antai.ddns.net","oltalama"
"bancestadolinea.ddns.net","oltalama"
"1blockchain.ddns.net","oltalama"
"cloudat.ddns.net","oltalama"
"dorinel.ddns.net","oltalama"
"aejva.ddns.net","oltalama"
"gknbm.ddns.net","oltalama"
"lemonupdate.ddns.net","oltalama"
"transcom.ddns.net","oltalama"
"vpnmobupdate.ddns.net","oltalama"
"tlghem.ddns.net","oltalama"
"boavalidation-0403.ddns.net","oltalama"
"alvahdatflies.ddns.net","oltalama"
"santarderempresas.ddns.net","oltalama"
"connectwllsfrgo98s.ddns.net","oltalama"
"adobefile100.ddns.net","oltalama"
"hack321.ddns.net","oltalama"
"well-far.ddns.net","oltalama"
"k6svqdkjyvixobmh7norepe.ddns.net","oltalama"
"giladr272.ddns.net","oltalama"
"boavalidation-0410.ddns.net","oltalama"
"yuosaf1993.ddns.net","oltalama"
"zennone.ddns.net","oltalama"
"aaqq1122.ddns.net","oltalama"
"boavalidation-0412.ddns.net","oltalama"
"2023file.ddns.net","oltalama"
"faleitoleve.ddns.net","oltalama"
"xcobber1.ddns.net","oltalama"
"younesse250.ddns.net","oltalama"
"dhlparcelbezahlen.ddns.net","oltalama"
"gv2.ddns.net","oltalama"
"ucharfliler.ddns.net","oltalama"
"hunk114.ddns.net","oltalama"
"bckrprdcmt.ddns.net","oltalama"
"testexz.ddns.net","oltalama"
"sdsddf.ddns.net","oltalama"
"bass1024.ddns.net","oltalama"
"nanocorerat123.ddns.net","oltalama"
"fvjhaystyc3.ddns.net","oltalama"
"anwardo049910.ddns.net","oltalama"
"itskhaled076.ddns.net","oltalama"
"aldadam.ddns.net","oltalama"
"noras2016.ddns.net","oltalama"
"90an.ddns.net","oltalama"
"piboxus.ddns.net","oltalama"
"poste-deposito.ddns.net","oltalama"
"roresellers.ddns.net","oltalama"
"manojotat.ddns.net","oltalama"
"cynergydigital.ddns.net","oltalama"
"samuelsfasfagaegv.ddns.net","oltalama"
"youbsaida.ddns.net","oltalama"
"lzlz.ddns.net","oltalama"
"yxypujebkdeh5xq.ddns.net","oltalama"
"ner1do67tm6etoxypirw.ddns.net","oltalama"
"581t5010mnunm07pyxc.ddns.net","oltalama"
"4o4725nm6u8y6wxg2q.ddns.net","oltalama"
"latiao.ddns.net","oltalama"
"windowsutilities.ddns.net","oltalama"
"aassdd.ddns.net","oltalama"
"ed3vqn7hyterqpo.ddns.net","oltalama"
"mdivk6167pgfq0o.ddns.net","oltalama"
"ddhlserver.ddns.net","oltalama"
"uri0shujqtkvedq.ddns.net","oltalama"
"angry.ddns.net","oltalama"
"naj7tevapsrolwbmha.ddns.net","oltalama"
"i4odelkv5byxg2ej1ba.ddns.net","oltalama"
"cp3p5nsven18a4u.ddns.net","oltalama"
"rmjuxahe07b7vi8e.ddns.net","oltalama"
"ixg0grq4s430eh7.ddns.net","oltalama"
"36gnqba2wtalqbudgtc6cjq.ddns.net","oltalama"
"36qjw4oxqxib7b1x5jgtgxc.ddns.net","oltalama"
"wtwj36ebwtyfe2ixel5ncj1.ddns.net","oltalama"
"5612wpktcpkdsfu.ddns.net","oltalama"
"8ctube4kpqjm6qbslingxa.ddns.net","oltalama"
"lwtuj3fk8qtkrwvuronm21.ddns.net","oltalama"
"kfw47h7p3bob1jw.ddns.net","oltalama"
"mj7x3bavs6arsxe.ddns.net","oltalama"
"kb56kvgtyp3lwhe0cti.ddns.net","oltalama"
"elifizmiregitmeyecek.pro","oltalama"
"ddosataack5.ddns.net","oltalama"
"ovs4spsv7xq87xa.ddns.net","oltalama"
"mtmdcfi63n5hihm83l7.ddns.net","oltalama"
"sbmve4obatevyv7ts2mn5da.ddns.net","oltalama"
"uspsverfied.ddns.net","oltalama"
"qbgp5d5vsbcxo4e.ddns.net","oltalama"
"ktipmb7pqvk6erm.ddns.net","oltalama"
"3fwb5nstkhebcb3tsn1pqhi.ddns.net","oltalama"
"adabe8e83xuvy0o.ddns.net","oltalama"
"c6inuxefwfo2yl7.ddns.net","oltalama"
"k8qpcvahe4qvohu.ddns.net","oltalama"
"vo870kdwtyxurk41t7.ddns.net","oltalama"
"g6utsdc8ytmlexs6kls.ddns.net","oltalama"
"w4k4qxqry85jepg.ddns.net","oltalama"
"efcjm2k0sbq4u6yxw.ddns.net","oltalama"
"tyxuxivsxudeta.ddns.net","oltalama"
"kfa4grada0kjivk4shu.ddns.net","oltalama"
"formapple-account.ddns.net","oltalama"
"ydqt54wl16spe2k4ef56kp3.ddns.net","oltalama"
"nglot5twl3re8opu.ddns.net","oltalama"
"connect-45secure.ddns.net","oltalama"
"bourso-host.ddns.net","oltalama"
"stupid3.ddns.net","oltalama"
"53rdonline.ddns.net","oltalama"
"appleinfo-lock.ddns.net","oltalama"
"myaccess-account.ddns.net","oltalama"
"reviewmypurchase.ddns.net","oltalama"
"secure-connec833.ddns.net","oltalama"
"citizenpayme4now.ddns.net","oltalama"
"ub0t.ddns.net","oltalama"
"spallauch.ddns.net","oltalama"
"dnz.ddns.net","oltalama"
"c05xg2ufqh7turyry45j3b1.ddns.net","oltalama"
"brookchaindome.ddns.net","oltalama"
"k8g8mvytenu0oxkfcf54wpm.ddns.net","oltalama"
"karimatosa.ddns.net","oltalama"
"mijnics-sslweb.ddns.net","oltalama"
"tgdrf4.ddns.net","oltalama"
"secure-connec011.ddns.net","oltalama"
"asuhduashiduhaiusdh.ddns.net","oltalama"
"hasker11229.ddns.net","oltalama"
"fakefriend.ddns.net","oltalama"
"appleidpple.ddns.net","oltalama"
"5hqbkxm4qfkpeje.ddns.net","oltalama"
"appleverifieduser.ddns.net","oltalama"
"drechslercia.ddns.net","oltalama"
"10a4irenc2s21hs.ddns.net","oltalama"
"1dopgds6y4ytq8w.ddns.net","oltalama"
"3hqfc4cbsh1jwxw.ddns.net","oltalama"
"7huv7n56idof3l7.ddns.net","oltalama"
"5hy6arej32qxg4w.ddns.net","oltalama"
"76ovudep78mvi4c8ivi.ddns.net","oltalama"
"7x5je0kbetgl30m.ddns.net","oltalama"
"3lijgxa0mjal1fohedu.ddns.net","oltalama"
"bakazone.ddns.net","oltalama"
"yx1nidud1pehgj707jc.ddns.net","oltalama"
"accountslocksapps.ddns.net","oltalama"
"fooetcnbdh.ddns.net","oltalama"
"sarbyy.ddns.net","oltalama"
"etw8y8wverklmvensbslw0y.ddns.net","oltalama"
"arqp5xq8y2mvct3.ddns.net","oltalama"
"gdyluxilwnq4wv3vut7.ddns.net","oltalama"
"ifatwrwfu0m0sfwlejohifw.ddns.net","oltalama"
"utibixap1torwjg0uf7fqt3.ddns.net","oltalama"
"slgleto8qjsdofe6qp521l5.ddns.net","oltalama"
"wp5j1po0obwpsparuf3xq4s.ddns.net","oltalama"
"ep5niruva2ijmh5.ddns.net","oltalama"
"e21pclynidolkl3ds4sxojs.ddns.net","oltalama"
"u4cvmvypglwl1638unm.ddns.net","oltalama"
"ovibepqp12qhgxe.ddns.net","oltalama"
"morozova23.ddns.net","oltalama"
"idservappsdatainfo.ddns.net","oltalama"
"xpayldns.ddns.net","oltalama"
"gerenciadorfinance.ddns.net","oltalama"
"serviceverif.ddns.net","oltalama"
"mamasitka.ddns.net","oltalama"
"klood600.ddns.net","oltalama"
"myipyo.ddns.net","oltalama"
"whycant.ddns.net","oltalama"
"proking11.ddns.net","oltalama"
"brinosama.ddns.net","oltalama"
"kotovgeiny.ddns.net","oltalama"
"bola2024.ddns.net","oltalama"
"ryl2flame.ddns.net","oltalama"
"mafik54.ddns.net","oltalama"
"supercargas.ddns.net","oltalama"
"nopewhatnoobs.ddns.net","oltalama"
"acc0untinf0r.ddns.net","oltalama"
"cockerlocker.ddns.net","oltalama"
"verify-documentscvt.ddns.net","oltalama"
"map-pachimacraft.ddns.net","oltalama"
"r8ipnj.ddns.net","oltalama"
"paypal-alert.ddns.net","oltalama"
"clientchvete.ddns.net","oltalama"
"swelp.ddns.net","oltalama"
"paypalupdatecheck.ddns.net","oltalama"
"procedureactivation.ddns.net","oltalama"
"strekhost2061.ddns.net","oltalama"
"newpageorder.ddns.net","oltalama"
"hostnameh.ddns.net","oltalama"
"solaoscar-fibra.ddns.net","oltalama"
"aslampro000.ddns.net","oltalama"
"alerteservice2019.ddns.net","oltalama"
"boatnet.ddns.net","oltalama"
"holla11.ddns.net","oltalama"
"proxuus.ddns.net","oltalama"
"lwrnc11.ddns.net","oltalama"
"mercesletifer.ddns.net","oltalama"
"hvsigner.ddns.net","oltalama"
"22rat.ddns.net","oltalama"
"shmr.ddns.net","oltalama"
"m9f9.ddns.net","oltalama"
"ratzombie1111.ddns.net","oltalama"
"usa1.ddns.net","oltalama"
"myhost2024canvas.ddns.net","oltalama"
"hudukpgdgfytpddswq.ddns.net","oltalama"
"g6666lrd10424346129.ddns.net","oltalama"
"spidermanbaba.ddns.net","oltalama"
"xuizalupa.ddns.net","oltalama"
"cameranera.ddns.net","oltalama"
"johntherevelator.ddns.net","oltalama"
"felipegamerbr22.ddns.net","oltalama"
"hasakim.ddns.net","oltalama"
"new32.ddns.net","oltalama"
"informationpa-ypal.ddns.net","oltalama"
"myhost20299.ddns.net","oltalama"
"igglords2023.ddns.net","oltalama"
"softunestines.ddns.net","oltalama"
"entrybofahub.ddns.net","oltalama"
"wmubot.ddns.net","oltalama"
"skyiletisim.com.tr","oltalama"
"sparamguvende-ilan.com.tr","oltalama"
"firsat-gunu-kacmaz.com","oltalama"
"com-subat-firsatlari.info","oltalama"
"ptt.elifrxckstar.pro","oltalama"
"garantitoggonbasvuru.site","oltalama"
"xn--online-ilemler-2zc.shop","oltalama"
"subatsonindirimpriv.net","oltalama"
"wvv-sanal-market.com","oltalama"
"meplexdomainisonline.site","oltalama"
"hbergelmiyorsndenbirhber.site","oltalama"
"marketalisverisikapinizagelsinn.online","oltalama"
"wvv-sanal-market.online","oltalama"
"tkgmislemler.net","oltalama"
"poest.top","oltalama"
"sponsorlureklam257.online","oltalama"
"firsat-kredidenizburada.online","oltalama"
"ilanlarim-odeme.com","oltalama"
"wvv-sanal-market.xyz","oltalama"
"20240000000000000001.cloud","oltalama"
"tcbmtrhazineidgov4450.com","oltalama"
"aktifsubatgirisler.pt","oltalama"
"form-b.yatirimlink.com","oltalama"
"privsanslaraktuel.net","oltalama"
"a101.magazacilikservisi.com","oltalama"
"satisim-47.site","oltalama"
"sepet-indirimleri-ve-firsatlari-tr.online","oltalama"
"a1-0-1.sepet-indirimleri-ve-firsatlari-tr.online","oltalama"
"lovivacaswe43.redirectme.net","oltalama"
"glemelriniz-irademsi.online","oltalama"
"aktifparibmgiris.com","oltalama"
"guvenlihesap.com.tr","oltalama"
"garanti.guvenlihesap.com.tr","oltalama"
"girismekanizmasi.com","oltalama"
"giriskontrolapisi.com","oltalama"
"giriskontrolyapisi.com","oltalama"
"www-yillik-katalog-tr.xyz","oltalama"
"resmigazetedeyaziyor.pt","oltalama"
"20240000000000000000.cloud","oltalama"
"101toshbadasizle.vercel.app","oltalama"
"bugune-ozel-sepette-indirim-var-tr.online","oltalama"
"a-1-0-1.bugune-ozel-sepette-indirim-var-tr.online","oltalama"
"hgstramerhasarsorgula.com","oltalama"
"girisonlineparibaktif.com","oltalama"
"form-b.depositlive.net","oltalama"
"hasarkaydisorgu.xyz","oltalama"
"nvm2dsa1.com","oltalama"
"girisbbncaonline.com","oltalama"
"guvenli-cozumler.com.tr","oltalama"
"sahibinden-paramguvende.guvenli-cozumler.com.tr","oltalama"
"irademfsgelre-garsa.online","oltalama"
"kaskocuacil.xyz","oltalama"
"pttislem.com","oltalama"
"09958350887956.com","oltalama"
"yeniy65.top","oltalama"
"akdakmpdsdagsfa.shop","oltalama"
"kurumsal-sponsorlu-reklam.cloud","oltalama"
"onlinegirisprbmaktif.com","oltalama"
"aktifgirisbnnceponline.com","oltalama"
"autofenix.net","oltalama"
"onlinegirisprb.com","oltalama"
"nonodgi.online","oltalama"
"dasrer.online","oltalama"
"ilanlar-guvende.com","oltalama"
"alisveriste-sizlerle-birlikte.com","oltalama"
"ilzmlskdsmsnas.blogspot.com","oltalama"
"osynbsssvrulrm.blogspot.com","oltalama"
"aktifparibonline.com","oltalama"
"trmrsthgpzrs.net","oltalama"
"hssnucuonlineplksisbad.site","oltalama"
"ziraat-bank.kwh.fino.digital","oltalama"
"enuygunkiralikarabalar.com","oltalama"
"finestinstitute.club","oltalama"
"investrisk.shop","oltalama"
"otokiralamateslimadrese.online","oltalama"
"sznleilkaltayodemsz.site","oltalama"
"kontroletmesistemi.com","oltalama"
"kurumsal-sponsorlu-reklam.website","oltalama"
"upuygnsiqorta.xyz","oltalama"
"cepte-basvuru.com.tr","oltalama"
"cepte-basvurun.com.tr","oltalama"
"garantiesubemtogg.site","oltalama"
"yapikredibayramozel.com.ph","oltalama"
"baba-asliiiii-1000.buzz","oltalama"
"hkkihfduba.duckdns.org","oltalama"
"hqjiikkalm.duckdns.org","oltalama"
"seencobeata.duckdns.org","oltalama"
"hssjigdbpf.duckdns.org","oltalama"
"meta-reviewaccont9653kw.duckdns.org","oltalama"
"lwk4fm4.duckdns.org","oltalama"
"pubggspin11.duckdns.org","oltalama"
"action-verification-info.duckdns.org","oltalama"
"secureonlinewellsverification.duckdns.org","oltalama"
"dcoici.duckdns.org","oltalama"
"pubggspin12.duckdns.org","oltalama"
"jkpzslrwhi.duckdns.org","oltalama"
"testhostnameserver.duckdns.org","oltalama"
"sweedade.duckdns.org","oltalama"
"review-accnt-scrty9432yt.duckdns.org","oltalama"
"idrokgdyvl.duckdns.org","oltalama"
"iffwtrqqoe.duckdns.org","oltalama"
"ifgihetqmj.duckdns.org","oltalama"
"ifxwwuqnec.duckdns.org","oltalama"
"ighdzxmjfc.duckdns.org","oltalama"
"iilopnpfji.duckdns.org","oltalama"
"meta-scrty-accnt9542fj.duckdns.org","oltalama"
"segnokhena.duckdns.org","oltalama"
"ipmxcninyj.duckdns.org","oltalama"
"youraccount-notice3526rr.duckdns.org","oltalama"
"qybbzollqq.duckdns.org","oltalama"
"splif.duckdns.org","oltalama"
"remccoss2023.duckdns.org","oltalama"
"sms-wellsfargo.duckdns.org","oltalama"
"pubggspin14.duckdns.org","oltalama"
"mam121.duckdns.org","oltalama"
"review-accnt-scrty5248kw.duckdns.org","oltalama"
"scrty-review-accnt6952om.duckdns.org","oltalama"
"telepcasse.duckdns.org","oltalama"
"itmservice247.duckdns.org","oltalama"
"zabadoe.duckdns.org","oltalama"
"remcosht.duckdns.org","oltalama"
"gtzin7x.duckdns.org","oltalama"
"cd709sqac.duckdns.org","oltalama"
"3ymn53b9.duckdns.org","oltalama"
"t8zjajp.duckdns.org","oltalama"
"mangesfu-accountsbingfosecure.duckdns.org","oltalama"
"9w5x2ed.duckdns.org","oltalama"
"00oqlm3q.duckdns.org","oltalama"
"arbazoo.duckdns.org","oltalama"
"ebg4w5.duckdns.org","oltalama"
"6o3qjthti.duckdns.org","oltalama"
"ciitiizeenbank.duckdns.org","oltalama"
"e2un10ki1.duckdns.org","oltalama"
"envio9797.duckdns.org","oltalama"
"mokkdc.duckdns.org","oltalama"
"qh7n0cg.duckdns.org","oltalama"
"internalreverse-onlinhelp.duckdns.org","oltalama"
"fortnitepulls.duckdns.org","oltalama"
"qvo9vjt85nadtq9t55y2.duckdns.org","oltalama"
"l8q5yuzn.duckdns.org","oltalama"
"messironaldo.duckdns.org","oltalama"
"cvfb7d6.duckdns.org","oltalama"
"093y4u4h.duckdns.org","oltalama"
"gd2l129.duckdns.org","oltalama"
"lb444iy6l.duckdns.org","oltalama"
"yraccnt-ntce-scrty7953rr.duckdns.org","oltalama"
"selambaba31.duckdns.org","oltalama"
"k83byq4c906mohxeizf.duckdns.org","oltalama"
"review-cntr-scrty4935rr.duckdns.org","oltalama"
"gdxf4io.duckdns.org","oltalama"
"3omk19d40.duckdns.org","oltalama"
"ss0kzn9dk.duckdns.org","oltalama"
"inter-beveiligd.duckdns.org","oltalama"
"610rtmc.duckdns.org","oltalama"
"nevatis.duckdns.org","oltalama"
"q92hefeq.duckdns.org","oltalama"
"ayciqy.duckdns.org","oltalama"
"aezakmi-support8527.duckdns.org","oltalama"
"6bti5v6.duckdns.org","oltalama"
"zuzlakzas.duckdns.org","oltalama"
"ytrgxufwxw.duckdns.org","oltalama"
"628etk.duckdns.org","oltalama"
"review-cntr-scrty4932ba.duckdns.org","oltalama"
"citireverse-onlinhelp.duckdns.org","oltalama"
"yusanlar.duckdns.org","oltalama"
"yjqcohjkyq.duckdns.org","oltalama"
"zainkycbbf.duckdns.org","oltalama"
"4txjyg9.duckdns.org","oltalama"
"qqbnvelysy.duckdns.org","oltalama"
"pubggspin22.duckdns.org","oltalama"
"0tbh306h.duckdns.org","oltalama"
"pubggspin25.duckdns.org","oltalama"
"zrq6ihc82.duckdns.org","oltalama"
"cavps7.duckdns.org","oltalama"
"greatnessnanacore.duckdns.org","oltalama"
"mail-logamzprimeutxs.duckdns.org","oltalama"
"bpqkojy92.duckdns.org","oltalama"
"oyuyc3.duckdns.org","oltalama"
"b096uw7y.duckdns.org","oltalama"
"q9x0krls.duckdns.org","oltalama"
"fogi7r0hm.duckdns.org","oltalama"
"hyy99d1c.duckdns.org","oltalama"
"d82bbw.duckdns.org","oltalama"
"93fsng.duckdns.org","oltalama"
"9xcr0k.duckdns.org","oltalama"
"suom59iv0.duckdns.org","oltalama"
"gcypi0tw5.duckdns.org","oltalama"
"cpabuzus.duckdns.org","oltalama"
"asc47hr6.duckdns.org","oltalama"
"caivlsmmnp.duckdns.org","oltalama"
"vydx2dw.duckdns.org","oltalama"
"2jkfyv8d.duckdns.org","oltalama"
"8zs1pded.duckdns.org","oltalama"
"6c3kpol02.duckdns.org","oltalama"
"ltsm-cmd12.duckdns.org","oltalama"
"dq5cq5x9.duckdns.org","oltalama"
"ova40nf.duckdns.org","oltalama"
"diciembre05wins.duckdns.org","oltalama"
"vfjonw.duckdns.org","oltalama"
"qf08q9hh6.duckdns.org","oltalama"
"vwh7tyvpi.duckdns.org","oltalama"
"91uliq.duckdns.org","oltalama"
"5wyj19wj.duckdns.org","oltalama"
"hmcgube9.duckdns.org","oltalama"
"systemofwin.duckdns.org","oltalama"
"wsw9rl.duckdns.org","oltalama"
"nnn3m0wy.duckdns.org","oltalama"
"1fll1b83.duckdns.org","oltalama"
"pxrxague.duckdns.org","oltalama"
"universitefrance-messagerie.duckdns.org","oltalama"
"3f12hfku.duckdns.org","oltalama"
"departementregionalecaconfig.duckdns.org","oltalama"
"info-accountdata.duckdns.org","oltalama"
"zcxyajqwwp.duckdns.org","oltalama"
"n71u53.duckdns.org","oltalama"
"mspaolg0.duckdns.org","oltalama"
"jhfgxvuspm.duckdns.org","oltalama"
"v1vbnrpv.duckdns.org","oltalama"
"linda991.duckdns.org","oltalama"
"yjjfwxmjdf.duckdns.org","oltalama"
"lw7yt5p.duckdns.org","oltalama"
"bbv7upj0.duckdns.org","oltalama"
"qm2hpc45b.duckdns.org","oltalama"
"gvezvynu.duckdns.org","oltalama"
"5e9j7v.duckdns.org","oltalama"
"wbezu3g.duckdns.org","oltalama"
"q2m7mo.duckdns.org","oltalama"
"ctqm6qwbo.duckdns.org","oltalama"
"jaq5ewte.duckdns.org","oltalama"
"uegqog.duckdns.org","oltalama"
"cythenrat.duckdns.org","oltalama"
"3t5bosq.duckdns.org","oltalama"
"angara066.duckdns.org","oltalama"
"0djedia.duckdns.org","oltalama"
"aksljdlaskjdklsajd.com","oltalama"
"ptt-gonderi.com","oltalama"
"ptt-post.biz","oltalama"
"turkcell2.org","oltalama"
"turkcell-fatura.net","oltalama"
"borcogren.com","oltalama"
"yapikredl.com","oltalama"
"acikdenizv2denizbankmobil.gq","oltalama"
"mturkiye-gov-tr-geri-odeme-sistemi.tk","oltalama"
"dansansligununcekiliszamani.com","oltalama"
"ptt-kargo.com","oltalama"
"mobilsubekurulumu.com","oltalama"
"8g59p52kg.duckdns.org","oltalama"
"captmeelo.com","guvenli"
"hackerone.com","guvenli"
"netacad.com","guvenli"
"aws.amazon.com","guvenli"
"stackoverflow.com","guvenli"
"github.com","guvenli"
"gitlab.com","guvenli"
"udemy.com","guvenli"
"geekforgeeks.com","guvenli"
"softonic.com","guvenli"
"reddit.com","guvenli"
"btkakademi.gov.tr","guvenli"
"jetbrains.com","guvenli"
"speedcubeshop.com","guvenli"
"google.com","guvenli"
"letsdefend.io","guvenli"
"godaddy.com","guvenli"
"khanacademy.com","guvenli"
"xbox.com","guvenli"
"gnu.org","guvenli"
"harvard.edu","guvenli"
"huawei.com","guvenli"
"redhat.com","guvenli"
"asus.com","guvenli"
"pixabay.com","guvenli"
"codeacademy.com","guvenli"
"state.gov","guvenli"
"w3schools.com","guvenli"
"goodreads.com","guvenli"
"lifehack.org","guvenli"
"patreon.com","guvenli"
"trendyol.com","guvenli"
"facebook.com","guvenli"
"office.microsoft.com","guvenli"
"fifa.com","guvenli"
"techradar.com","guvenli"
"mit.edu","guvenli"
"mcbu.edu.tr","guvenli"
"ikea.com","guvenli"
"academia.com","guvenli"
"surveymonkey.com","guvenli"
"deezer.com","guvenli"
"mega.nz","guvenli"
"foxnews.com","guvenli"
"nginx.com","guvenli"
"mediafire.com","guvenli"
"spotify.com","guvenli"
"wikipedia.com","guvenli"
"youtube.com","guvenli"
"haberturk.com","guvenli"
"aliexpress.com","guvenli"
"photos.google.com","guvenli"
"bloomberg.com","guvenli"
"youtube.com","guvenli"
"nytimes.com","guvenli"
"duckduckgo.com","guvenli"
"cyberdefenders.org","guvenli"
"kali.org","guvenli"
"python.org","guvenli"
"pythonanywhere.com","guvenli"
"usom.gov.tr","guvenli"
"twitter.com","guvenli"
"hepsiburada.com","guvenli"
"hackviser.com","guvenli"
"medium.com","guvenli"
"fonts.google.com","guvenli"
"teams.microsoft.com","guvenli"
"kizilay.gov.tr","guvenli"
"instagram.com","guvenli"
"cpanel.net","guvenli"
"cnn.com","guvenli"
"hurriyet.com","guvenli"
"todo.microsoft.com","guvenli"
"jotti.org","guvenli"
"upwork.com","guvenli"
"archive.org","guvenli"
"socradar.io","guvenli"
"unesco.org","guvenli"
"outlook.com","guvenli"
"scribd.com","guvenli"
"samsung.com","guvenli"
"support.apple.com","guvenli"
"w3.org","guvenli"
"wordpress.com","guvenli"
"mozilla.org","guvenli"
"zoom.us","guvenli"
"akakce.com","guvenli"
"mgm.gov.tr","guvenli"
"nike.com","guvenli"
"shutterstock.com","guvenli"
"skype.com","guvenli"
"portswigger.net","guvenli"
"bbc.com","guvenli"
"alibaba.com","guvenli"
"blogger.com","guvenli"
"mail.ru","guvenli"
"proton.me","guvenli"
"paypal.com","guvenli"
"imdb.com","guvenli"
"msn.com","guvenli"
"n11.com","guvenli"
"office.com","guvenli"
"mhrs.gov.tr","guvenli"
"meb.gov.tr","guvenli"
"cbddo.gov.tr","guvenli"
"openai.com","guvenli"
"linkedin.com","guvenli"
"memurlar.net","guvenli"
"kariyer.net","guvenli"
"eba.gov.tr","guvenli"
"denizbank.com","guvenli"
"vatanbilgisayar.com","guvenli"
"iskur.gov.tr","guvenli"
"halkbank.com.tr","guvenli"
"yemeksepeti.com","guvenli"
"yahoo.com","guvenli"
"reddit.com","guvenli"
"pastebin.com","guvenli"
"whatsapp.com","guvenli"
"turkiye.gov.tr","guvenli"
"sahibinden.com","guvenli"
"amazon.com.tr","guvenli"
"ebay.de","guvenli"
"tubaadgzl.com","guvenli"
"eflatunblog.pythonanywhere.com","guvenli"
"amazon.de","guvenli"
"canva.com","guvenli"
"figma.com","guvenli"
"blueteamlabs.online","guvenli"
"upwork.com","guvenli"
"slideshare.net","guvenli"
"theguardian.com","guvenli"
"dualingo.com","guvenli"
"wikipedia.com","guvenli"
"bloomberg.com","guvenli"
"photos.google.com","guvenli"
"archive.org","guvenli"
"android.com","guvenli"
"redbull.com","guvenli"
"kali.org","guvenli"
"apache.org","guvenli"
"mit.edu","guvenli"
"disney.com","guvenli"
"foxnews.com","guvenli"
"deezer.com","guvenli"
"colab.research.google.com","guvenli"
"todo.microsoft.com","guvenli"
"forbes.com","guvenli"
"coderspace.io","guvenli"
"jetbrains.com","guvenli"
"aws.amazon.com","guvenli"
"btkakademi.gov.tr","guvenli"
"cubicle.com","guvenli"
"ikea.com","guvenli"
"haberturk.com","guvenli"
"office.com","guvenli"
"microsoft.com","guvenli"
"portswigger.net","guvenli"
"wordpress.com","guvenli"
"support.apple.com","guvenli"
"dropbox.com","guvenli"
"reuters.com","guvenli"
"indeed.com","guvenli"
"openai.com","guvenli"
"wikipedia.org","guvenli"
"discord.com","guvenli"
"linkedin.com","guvenli"
"adobe.com","guvenli"
"roblox.com","guvenli"
"spotify.com","guvenli"
"shutterstock.com","guvenli"
"atlassian.net","guvenli"
"patreon.com","guvenli"
"asus.com","guvenli"
"cloudflare.com","guvenli"
"nba.com","guvenli"
"lenovo.com","guvenli"
"state.gov","guvenli"
"dore.com.tr","guvenli"
"tureng.com","guvenli"
"milliyet.com.tr","guvenli"
"support.google.com","guvenli"
"meb.gov.tr","guvenli"
"izmir.gov.tr","guvenli"
"ciceksepeti.com.tr","guvenli"
"manisamyo.mcbu.edu.tr","guvenli"
"sibervatan.org","guvenli"
"https://www.meb.k12.tr","guvenli"
"meb.k12.tr","guvenli"
"mebbis.meb.gov.tr","guvenli"
"pinterest.com","guvenli"
"render.com","guvenli"
"live.com","guvenli"
"accuweather.com","guvenli"
"fontawesome.com","guvenli"
"freepik.com","guvenli"
"grammarly.com","guvenli"
"formula1.com","guvenli"
"sozcu.com.tr","guvenli"
"tesla.com","guvenli"
"toyota.com","guvenli"
"coursera.org","guvenli"
"kahoot.com","guvenli"
"sourceforge.net","guvenli"
"streamlit.io","guvenli"
"virustotal.com","guvenli"
"drive.google.com","guvenli"
